,Mut_ID,Gene.Use
1,16,"in ADE5,7"
2,69,in BRR1
3,33,in BUL1
4,119,in CBS1
5,121,in COG8
6,29,in CPR6
7,27,in CSR1
8,14,in DPB4
9,3,in EAF1
10,105,in EBS1
11,115,in FLC2
12,61,in GET2
13,42,in GPA2
14,22,in GPP1
15,77,in HFI1
16,101,in HOS4
17,58,in KAP123
18,55,in LAT1
19,39,in MAC1
20,45,in MCK1
21,70,in MME1
22,127,in MPC2
23,52,in MSL1
24,44,in NOP16
25,117,in NOT3
26,15,in OCA1
27,25,in OXA1
28,107,in PDE2
29,30,in PIH1
30,66,in PPM1
31,67,in PTR3
32,62,in RGS2
33,92,in RPL16A
34,21,in RPL26B
35,81,in RPL2A
36,60,in RPL35B
37,72,in RPS14B
38,59,in RRP46
39,71,in RSC30
40,76,in RTG1
41,110,in SCJ1
42,122,in SIR3
43,47,in SLX5
44,46,in SSK1
45,114,in STE24
46,41,in STH1
47,88,in STM1
48,103,in SUM1
49,9,in TRM9
50,80,in UBP1
51,53,in UME6
52,43,in VAM6
53,86,in VPS36
54,5,in VPS38
55,64,in YOR139C
56,19,nearby CCW12
57,91,nearby COA6
58,51,nearby FIT2
59,78,nearby HO
60,2,nearby KRE6
61,17,nearby KRI1
62,6,nearby MET2
63,10,nearby MET4
64,94,nearby NCP1
65,124,nearby NUP157
66,49,nearby NUP188
67,68,nearby OST4
68,18,nearby PAH1
69,82,nearby PDE2
70,23,nearby RPS22A
71,123,nearby SFP1
72,26,nearby SNF7
73,109,nearby SRB2
74,73,nearby SRP40
75,99,nearby TDA11
76,11,nearby UTP22
77,93,nearby VMA7
78,57,nearby WHI2
79,24,nearby YLR264C-A
80,102,nearby YSP2
81,1,in TRP2 (1)
82,7,in FUN30 (1)
83,28,in UBP3 (1)
84,34,in PHO4 (1)
85,35,in RPL31B (1)
86,36,in SPT8 (1)
87,40,nearby YOL085W-A (1)
88,50,in SIR4 (1)
89,63,in SLX8 (1)
90,75,in SPT8 (2)
91,79,in PHO4 (2)
92,83,in SIR4 (2)
93,84,nearby RPL16A (1)
94,85,in SLX8 (2)
95,95,in UBP3 (2)
96,96,nearby YOL085W-A (2)
97,97,in RPL31B (2)
98,104,in FUN30 (2)
99,108,in TRP2 (2)
100,120,nearby RPL16A (2)